<?xml version="1.0" encoding="UTF-8"?>
<rss version="2.0" xmlns:ror="http://rorweb.com/0.1/" >
<channel>
  <title>ROR Sitemap for https://sites.google.com/view/laquestion/</title>
  <link>https://sites.google.com/view/laquestion/</link>

<item>
     <link>https://sites.google.com/view/laquestion/</link>
     <title>La Question</title>
     <description>La Question</description>
     <ror:updatePeriod></ror:updatePeriod>
     <ror:sortOrder>0</ror:sortOrder>
     <ror:resourceOf>sitemap</ror:resourceOf>
</item>
<item>
     <link>https://sites.google.com/view/laquestion/home</link>
     <title>La Question</title>
     <description>La Question</description>
     <ror:updatePeriod></ror:updatePeriod>
     <ror:sortOrder>1</ror:sortOrder>
     <ror:resourceOf>sitemap</ror:resourceOf>
</item>
<item>
     <link>https://sites.google.com/view/laquestion/library</link>
     <title>La Question - Library</title>
     <description>La Question - Library</description>
     <ror:updatePeriod></ror:updatePeriod>
     <ror:sortOrder>1</ror:sortOrder>
     <ror:resourceOf>sitemap</ror:resourceOf>
</item>
<item>
     <link>https://sites.google.com/view/laquestion/que-tu-menterres-fran%C3%A7oise-hardy</link>
     <title>La Question - Que tu m&amp;#39;enterres - Françoise Hardy</title>
     <description>La Question - Que tu m&amp;#39;enterres - Françoise Hardy</description>
     <ror:updatePeriod></ror:updatePeriod>
     <ror:sortOrder>1</ror:sortOrder>
     <ror:resourceOf>sitemap</ror:resourceOf>
</item>
<item>
     <link>https://sites.google.com/view/laquestion/dreams-fleetwood-mac</link>
     <title>La Question - Dreams - Fleetwood Mac</title>
     <description>La Question - Dreams - Fleetwood Mac</description>
     <ror:updatePeriod></ror:updatePeriod>
     <ror:sortOrder>1</ror:sortOrder>
     <ror:resourceOf>sitemap</ror:resourceOf>
</item>
<item>
     <link>https://sites.google.com/view/laquestion/je-taime-moi-non-plus-brigitte-bardot-serge-gainsbourg</link>
     <title>La Question - Je t&amp;#39;aime moi non plus - Brigitte Bardot, Serge Gainsbourg</title>
     <description>La Question - Je t&amp;#39;aime moi non plus - Brigitte Bardot, Serge Gainsbourg</description>
     <ror:updatePeriod></ror:updatePeriod>
     <ror:sortOrder>1</ror:sortOrder>
     <ror:resourceOf>sitemap</ror:resourceOf>
</item>
<item>
     <link>https://sites.google.com/view/laquestion/pagan-poetry-bj%C3%B6rk</link>
     <title>La Question - Pagan Poetry - Björk</title>
     <description>La Question - Pagan Poetry - Björk</description>
     <ror:updatePeriod></ror:updatePeriod>
     <ror:sortOrder>1</ror:sortOrder>
     <ror:resourceOf>sitemap</ror:resourceOf>
</item>
</channel>
</rss>
  